,Station ID,start station name,Flow,start station latitude,start station longitude
0,72,W 52 St & 11 Ave,10,40.76727216,-73.99392888
1,79,Franklin St & W Broadway,117,40.71911552,-74.00666661
2,82,St James Pl & Pearl St,32,40.71117416,-74.00016545
3,83,Atlantic Ave & Fort Greene Pl,178,40.68382604,-73.97632328
4,116,W 17 St & 8 Ave,-2,40.74177603,-74.00149746
5,119,Park Ave & St Edwards St,6,40.69608941,-73.97803415
6,120,Lexington Ave & Classon Ave,-75,40.68676793,-73.95928168
7,127,Barrow St & Hudson St,25,40.73172428,-74.00674436
8,128,MacDougal St & Prince St,426,40.72710258,-74.00297088
9,143,Clinton St & Joralemon St,66,40.69239502,-73.99337909
10,144,Nassau St & Navy St,536,40.69839895,-73.98068914
11,146,Hudson St & Reade St,43,40.71625008,-74.0091059
12,150,E 2 St & Avenue C,-833,40.720873600000004,-73.98085795
13,151,Cleveland Pl & Spring St,551,40.72210378668603,-73.99724900722505
14,157,Henry St & Atlantic Ave,26,40.69089272,-73.99612349
15,161,LaGuardia Pl & W 3 St,728,40.72917025,-73.99810231
16,164,E 47 St & 2 Ave,-63,40.75323098,-73.97032517
17,167,E 39 St & 3 Ave,-201,40.7489006,-73.97604882
18,168,W 18 St & 6 Ave,320,40.73971301,-73.99456405
19,173,Broadway & W 49 St,-1205,40.76068327096592,-73.98452728986742
20,174,E 25 St & 1 Ave,-114,40.7381765,-73.97738662
21,195,Liberty St & Broadway,-198,40.70905623,-74.01043382
22,212,W 16 St & The High Line,103,40.74334935,-74.00681753
23,216,Columbia Heights & Cranberry St,6,40.70037867,-73.99548059
24,217,Old Fulton St,540,40.70277159,-73.99383605
25,223,W 13 St & 7 Ave,208,40.73781509,-73.99994661
26,224,Spruce St & Nassau St,-138,40.71146364,-74.00552427
27,228,E 48 St & 3 Ave,-122,40.7546011026,-73.971878855
28,229,Great Jones St,453,40.72743423,-73.99379025
29,236,St Marks Pl & 2 Ave,398,40.7284186,-73.98713956
30,237,E 11 St & 2 Ave,171,40.73047309,-73.98672378
31,238,Bank St & Washington St,20,40.7361967,-74.00859207
32,239,Willoughby St & Fleet St,12,40.69196566,-73.9813018
33,241,DeKalb Ave & S Portland Ave,95,40.68981035,-73.97493121
34,242,Carlton Ave & Flushing Ave,127,40.697787,-73.973736
35,243,Fulton St & Rockwell Pl,10,40.68841,-73.979458
36,244,Willoughby Ave & Hall St,-258,40.69196035,-73.96536851
37,245,Myrtle Ave & St Edwards St,36,40.69327018,-73.97703874
38,247,Perry St & Bleecker St,231,40.73535398,-74.00483091
39,248,Laight St & Hudson St,-4,40.72185379,-74.00771779
40,249,Harrison St & Hudson St,90,40.71870987,-74.0090009
41,250,Lafayette St & Jersey St,-48,40.72456089,-73.99565293
42,251,Mott St & Prince St,274,40.72317958,-73.99480012
43,252,MacDougal St & Washington Sq,635,40.73226398,-73.99852205
44,254,W 11 St & 6 Ave,-70,40.73532427,-73.99800419
45,257,Lispenard St & Broadway,523,40.71939226,-74.00247214
46,258,DeKalb Ave & Vanderbilt Ave,-628,40.68940747,-73.96885458
47,259,South St & Whitehall St,497,40.70122128,-74.01234218
48,260,Broad St & Bridge St,132,40.70365182,-74.01167797
49,261,Johnson St & Gold St,26,40.69474881,-73.98362464
50,262,Washington Park,-258,40.6917823,-73.97372990000001
51,264,Maiden Ln & Pearl St,154,40.70706456,-74.00731853
52,265,Stanton St & Chrystie St,887,40.72229346,-73.99147535
53,266,Avenue D & E 8 St (home location),-40,40.72368361,-73.97574813
54,267,Broadway & W 36 St,-66,40.75097711,-73.98765428
55,268,Howard St & Centre St,43,40.71910537,-73.99973337
56,270,Adelphi St & Myrtle Ave,-86,40.69308257,-73.97178913
57,274,Lafayette Ave & Fort Greene Pl,112,40.68691865,-73.976682
58,275,Washington Ave & Greene Ave,20,40.68650065,-73.96563307
59,276,Duane St & Greenwich St,48,40.71748752,-74.0104554
60,278,Concord St & Bridge St,20,40.69766564,-73.98476437
61,279,Peck Slip & Front St,74,40.707873,-74.00166999999999
62,280,E 10 St & 5 Ave,382,40.73331967,-73.99510132
63,281,Grand Army Plaza & Central Park S,278,40.764397100000004,-73.97371465
64,282,Kent Ave & S 11 St,83,40.7076449441757,-73.96841526031494
65,284,Greenwich Ave & 8 Ave,459,40.7390169121,-74.0026376103
66,285,Broadway & E 14 St,100,40.73454567,-73.99074142
67,289,Monroe St & Classon Ave,4,40.684568299999995,-73.95881081
68,291,Madison St & Montgomery St,-90,40.713126,-73.984844
69,293,Lafayette St & E 8 St,1341,40.73020660529954,-73.99102628231049
70,295,Pike St & E Broadway,27,40.71406667,-73.99293911
71,296,Division St & Bowery (old),68,40.71413089,-73.99704679999999
72,297,E 15 St & 3 Ave,110,40.734232,-73.986923
73,298,3 Ave & Schermerhorn St,58,40.68683208,-73.9796772
74,301,E 2 St & Avenue B,27,40.72217444,-73.98368779
75,302,Avenue D & E 3 St,-11,40.72082834,-73.97793172
76,303,Mercer St & Spring St,1057,40.72362738,-73.99949601
77,304,Broadway & Battery Pl,2403,40.70463334,-74.01361706
78,305,E 58 St & 3 Ave,35,40.76095756,-73.96724467
79,307,Canal St & Rutgers St,111,40.71427487,-73.98990025
80,308,St James Pl & Oliver St,99,40.71307916,-73.99851193
81,309,Murray St & West St,533,40.7149787,-74.013012
82,310,State St & Smith St,79,40.68926942,-73.98912867
83,311,Norfolk St & Broome St,204,40.7172274,-73.98802084
84,312,Allen St & Stanton St,171,40.722055,-73.989111
85,313,Washington Ave & Park Ave,39,40.69610226,-73.96751037
86,315,South St & Gouverneur Ln,64,40.70355377,-74.00670227
87,316,Fulton St & William St,-28,40.70955958,-74.00653609
88,317,E 6 St & Avenue B,-218,40.72453734,-73.98185424
89,319,Fulton St & Broadway,103,40.711065999999995,-74.009447
90,320,Leonard St & Church St,42,40.717571,-74.005549
91,321,Cadman Plaza E & Red Cross Pl,95,40.69991755,-73.98971773
92,323,Lawrence St & Willoughby St,190,40.69236178,-73.98631746
93,324,DeKalb Ave & Hudson Ave,2812,40.689888,-73.981013
94,325,E 19 St & 3 Ave,-204,40.73624527,-73.98473765
95,326,E 11 St & 1 Ave,-106,40.72953837,-73.98426726
96,327,Vesey Pl & River Terrace,-13,40.715337899999994,-74.01658354
97,328,Watts St & Greenwich St,55,40.72405549,-74.00965965
98,330,Reade St & Broadway,-38,40.71450451,-74.00562789
99,331,Pike St & Monroe St,101,40.71173107,-73.99193043
100,332,Cherry St,-189,40.71219906,-73.97948148
101,334,W 20 St & 7 Ave,-30,40.74238787,-73.99726235
102,335,Washington Pl & Broadway,93,40.72903917,-73.99404649
103,336,Sullivan St & Washington Sq,601,40.73047747,-73.99906065
104,337,Old Slip & Front St,266,40.703799200000006,-74.00838676
105,339,Avenue D & E 12 St,-132,40.72580614,-73.97422494
106,340,Madison St & Clinton St,-18,40.71269042,-73.98776323
107,341,Stanton St & Mangin St,12,40.71782143,-73.97628939
108,342,Columbia St & Rivington St,98,40.71739973,-73.98016555
109,343,Clinton Ave & Flushing Ave,135,40.69794,-73.96986848
110,344,Monroe St & Bedford Ave,-105,40.6851443,-73.95380904
111,346,Bank St & Hudson St,104,40.73652889,-74.00618026
112,347,Greenwich St & W Houston St,502,40.728846000000004,-74.00859100000001
113,349,Rivington St & Ridge St,-529,40.71850211,-73.98329859
114,350,Clinton St & Grand St,121,40.71559509,-73.9870295
115,351,Front St & Maiden Ln,365,40.70530954,-74.00612572
116,353,S Portland Ave & Hanson Pl,58,40.68539567,-73.97431458
117,354,Emerson Pl & Myrtle Ave,16,40.69363137,-73.96223558
118,355,Bayard St & Baxter St,97,40.71602118,-73.99974372
119,356,Bialystoker Pl & Delancey St,-82,40.71622644,-73.98261206
120,358,Christopher St & Greenwich St,952,40.73291553,-74.00711384
121,359,E 47 St & Park Ave,10,40.75510267,-73.97498696
122,360,William St & Pine St,-326,40.70717936,-74.00887308
123,361,Allen St & Hester St,-86,40.71605866,-73.99190759
124,362,Broadway & W 37 St,-158,40.75172632,-73.98753523
125,363,West Thames St,54,40.70834698,-74.01713445
126,364,Lafayette Ave & Classon Ave,-142,40.68900443,-73.96023854
127,366,Clinton Ave & Myrtle Ave,-248,40.693261,-73.968896
128,367,E 53 St & Lexington Ave,230,40.75828065,-73.97069431
129,368,Carmine St & 6 Ave,1364,40.73038599,-74.00214988
130,369,Washington Pl & 6 Ave,11,40.73224119,-74.00026394
131,372,Franklin Ave & Myrtle Ave,39,40.694546087246025,-73.95801365375519
132,373,Willoughby Ave & Walworth St,42,40.69331716,-73.95381995
133,376,John St & William St,34,40.70862144,-74.00722156
134,377,6 Ave & Canal St,462,40.72243797,-74.00566443
135,379,W 31 St & 7 Ave,23,40.749156,-73.9916
136,380,W 4 St & 7 Ave S,265,40.73401143,-74.00293877
137,383,Greenwich Ave & Charles St,587,40.735238,-74.000271
138,385,E 55 St & 2 Ave,-115,40.75797322,-73.96603308
139,386,Centre St & Worth St,81,40.71494807,-74.00234482
140,387,Centre St & Chambers St,-205,40.71273266,-74.0046073
141,388,W 26 St & 10 Ave,295,40.749717753,-74.002950346
142,389,Broadway & Berry St,-109,40.71044554,-73.96525063
143,390,Duffield St & Willoughby St,110,40.69221589,-73.9842844
144,391,Clark St & Henry St,-529,40.69760127,-73.99344559
145,392,Jay St & Tech Pl,238,40.695065,-73.987167
146,393,E 5 St & Avenue C,156,40.72299208,-73.97995466
147,394,E 9 St & Avenue C,-97,40.72521311,-73.97768752
148,396,Lefferts Pl & Franklin Ave,-29,40.680342423,-73.9557689392
149,397,Fulton St & Clermont Ave,-33,40.68415748,-73.96922273
150,398,Atlantic Ave & Furman St,169,40.69165183,-73.99997859999999
151,399,Lafayette Ave & St James Pl,-58,40.68851534,-73.9647628
152,400,Pitt St & Stanton St,38,40.71926081,-73.98178024
153,401,Allen St & Rivington St,-136,40.72019576,-73.98997825
154,402,Broadway & E 22 St,2319,40.740343200000005,-73.98955109
155,403,E 2 St & 2 Ave,875,40.72502876,-73.99069656
156,405,Washington St & Gansevoort St,217,40.739323,-74.008119
157,406,Hicks St & Montague St,-151,40.69512845,-73.99595065
158,408,Market St & Cherry St,87,40.71076228,-73.99400398
159,410,Suffolk St & Stanton St,-371,40.72066442,-73.98517977
160,411,E 6 St & Avenue D,89,40.72228087,-73.97668709
161,412,Forsyth St & Canal St,234,40.715815500000005,-73.99422366
162,415,Pearl St & Hanover Square,108,40.7047177,-74.00926027
163,416,Cumberland St & Lafayette Ave,22,40.68753406,-73.97265183
164,417,Barclay St & Church St,16,40.71291224,-74.01020234
165,418,Front St & Gold St,20,40.70224,-73.982578
166,419,Carlton Ave & Park Ave,127,40.69580705,-73.97355569
167,420,Clermont Ave & Lafayette Ave,-78,40.68764484,-73.96968902
168,421,Clermont Ave & Park Ave,-13,40.69573398,-73.97129668
169,422,W 59 St & 10 Ave,-524,40.770513,-73.988038
170,423,W 54 St & 9 Ave,-1057,40.76584941,-73.98690506
171,426,West St & Chambers St,734,40.71754834,-74.01322069
172,427,Bus Slip & State St,146,40.701907,-74.013942
173,432,E 7 St & Avenue A,-222,40.72621788,-73.98379855
174,434,9 Ave & W 18 St,1337,40.74317449,-74.00366443
175,435,W 21 St & 6 Ave,409,40.74173969,-73.99415556
176,436,Hancock St & Bedford Ave,-26,40.68216564,-73.95399026
177,437,Macon St & Nostrand Ave,-4,40.6809833854,-73.9500479759
178,438,St Marks Pl & 1 Ave,-111,40.72779126,-73.98564945
179,439,E 4 St & 2 Ave,311,40.726280700000004,-73.98978041
180,440,E 45 St & 3 Ave,0,40.75255434,-73.97282625
181,442,W 27 St & 7 Ave,7,40.746646999999996,-73.993915
182,443,Bedford Ave & S 9 St,65,40.70853074,-73.96408963
183,445,E 10 St & Avenue A,579,40.72740794,-73.98142006
184,446,W 24 St & 7 Ave,144,40.74487634,-73.99529885
185,447,8 Ave & W 52 St,-80,40.76370739,-73.9851615
186,448,W 37 St & 10 Ave,-44,40.75660359,-73.9979009
187,450,W 49 St & 8 Ave,-825,40.76227205,-73.98788205
188,453,W 22 St & 8 Ave,444,40.74475148,-73.99915362
189,454,E 51 St & 1 Ave,-101,40.75455731,-73.96592976
190,455,1 Ave & E 44 St,-10,40.75001986,-73.96905301
191,456,E 53 St & Madison Ave,-252,40.75971079999999,-73.97402311
192,458,11 Ave & W 27 St,-50,40.751396,-74.00522600000001
193,459,W 20 St & 11 Ave,899,40.746745000000004,-74.007756
194,460,S 4 St & Wythe Ave,140,40.71285887,-73.96590294
195,461,E 20 St & 2 Ave,-799,40.73587678,-73.98205027
196,462,W 22 St & 10 Ave,174,40.74691959,-74.00451887
197,464,E 56 St & 3 Ave,-59,40.75934501,-73.96759673
198,465,Broadway & W 41 St,-469,40.75513557,-73.98658032
199,466,W 25 St & 6 Ave,2,40.74395411,-73.99144871
200,467,Dean St & 4 Ave,458,40.68312489,-73.97895137
201,468,Broadway & W 56 St,-2779,40.7652654,-73.98192338
202,469,Broadway & W 53 St,-805,40.76344058,-73.98268129
203,470,W 20 St & 8 Ave,81,40.74345335,-74.00004031
204,471,Grand St & Havemeyer St,5,40.71286844,-73.95698119
205,472,E 32 St & Park Ave,-742,40.745712100000006,-73.98194829
206,473,Rivington St & Chrystie St,617,40.72110063,-73.99192540000001
207,474,5 Ave & E 29 St,-398,40.7451677,-73.98683077
208,476,E 31 St & 3 Ave,-27,40.74394314,-73.97966069
209,477,W 41 St & 8 Ave,-1805,40.75640548,-73.9900262
210,478,11 Ave & W 41 St,9,40.76030096,-73.99884222
211,479,9 Ave & W 45 St,-66,40.76019252,-73.9912551
212,480,W 53 St & 10 Ave,-50,40.76669671,-73.99061728
213,481,S 3 St & Bedford Ave,53,40.71260486,-73.96264403
214,482,W 15 St & 7 Ave,380,40.73935542,-73.99931783
215,483,E 12 St & 3 Ave,236,40.73223272,-73.98889957
216,484,W 44 St & 5 Ave,232,40.75500254,-73.98014437
217,485,W 37 St & 5 Ave,-940,40.75038009,-73.98338988
218,486,Broadway & W 29 St,-62,40.7462009,-73.98855723
219,487,E 20 St & FDR Drive,-142,40.73314259,-73.97573881
220,489,10 Ave & W 28 St,-155,40.75066386,-74.00176802
221,490,8 Ave & W 33 St,-39,40.751551,-73.993934
222,491,E 24 St & Park Ave S,202,40.74096374,-73.98602213
223,492,W 33 St & 7 Ave,-486,40.75019995,-73.99093085
224,493,W 45 St & 6 Ave,-151,40.7568001,-73.98291153
225,494,W 26 St & 8 Ave,-366,40.74734825,-73.99723551
226,495,W 47 St & 10 Ave,-202,40.76269882,-73.99301222
227,496,E 16 St & 5 Ave,170,40.73726186,-73.99238967
228,497,E 17 St & Broadway,2261,40.73704984,-73.99009296
229,499,Broadway & W 60 St,-876,40.76915505,-73.98191841
230,500,Broadway & W 51 St,-448,40.76228826,-73.98336183
231,501,FDR Drive & E 35 St,101,40.744219,-73.97121214
232,502,Henry St & Grand St,-322,40.714211,-73.981095
233,503,E 20 St & Park Ave,215,40.73827428,-73.98751968
234,504,1 Ave & E 16 St,-733,40.73221853,-73.98165557
235,505,6 Ave & W 33 St,-714,40.74901271,-73.98848395
236,507,E 25 St & 2 Ave,-586,40.73912601,-73.97973776
237,508,W 46 St & 11 Ave,187,40.76341379,-73.99667444
238,509,9 Ave & W 22 St,679,40.7454973,-74.00197139
239,513,W 56 St & 10 Ave,-15,40.768254,-73.988639
240,514,12 Ave & W 40 St,1597,40.76087502,-74.00277668
241,515,W 43 St & 10 Ave,110,40.76009437,-73.99461843
242,516,E 47 St & 1 Ave,39,40.75206862,-73.96784384
243,517,Pershing Square South,-1142,40.751581,-73.97791
244,518,E 39 St & 2 Ave,-300,40.74780373,-73.97344190000001
245,519,Pershing Square North,-498,40.751872999999996,-73.97770600000001
246,520,W 52 St & 5 Ave,-132,40.75992262,-73.97648516
247,522,E 51 St & Lexington Ave,-225,40.75714758,-73.97207836
248,523,W 38 St & 8 Ave,-101,40.75466591,-73.99138152
249,525,W 34 St & 11 Ave,672,40.75594159,-74.0021163
250,526,E 33 St & 5 Ave,-389,40.74765947,-73.98490707
251,528,2 Ave & E 31 St,300,40.74290902,-73.97706058
252,529,W 42 St & 8 Ave,436,40.75756989999999,-73.99098507
253,530,11 Ave & W 59 St,67,40.771496710544405,-73.99046033620834
254,531,Forsyth St & Broome St,69,40.71893904,-73.99266288
255,532,S 5 Pl & S 5 St,218,40.710451,-73.960876
256,533,Broadway & W 38 St,-133,40.75299641,-73.98721619
257,534,Water - Whitehall Plaza,582,40.70255065,-74.0127234
258,536,1 Ave & E 30 St,449,40.74144387,-73.97536082
259,539,Metropolitan Ave & Bedford Ave,694,40.71534825,-73.96024116
260,540,Lexington Ave & E 29 St,99,40.74311555376486,-73.98215353488922
261,545,E 23 St & 1 Ave,53,40.736502,-73.97809472
262,546,E 30 St & Park Ave S,-21,40.74444921,-73.98303529
263,2000,Front St & Washington St,475,40.70255088,-73.98940236
264,2002,Wythe Ave & Metropolitan Ave,183,40.716887,-73.96319799999999
265,2003,1 Ave & E 18 St,-896,40.73381219196632,-73.9805442094803
266,2005,Railroad Ave & Kay Ave,-7,40.70531194,-73.97100056
267,2006,Central Park S & 6 Ave,-237,40.76590936,-73.97634151
268,2008,Little West St & 1 Pl,70,40.70569254,-74.01677685
269,2009,Catherine St & Monroe St,218,40.71117444,-73.99682619
270,2010,Grand St & Greene St,88,40.72170005235607,-74.00238141417502
271,2012,E 27 St & 1 Ave,235,40.739445,-73.97680600000001
272,2017,E 43 St & 2 Ave,-423,40.75022392,-73.97121414
273,2021,W 45 St & 8 Ave,11,40.75929124,-73.98859651
274,2022,E 60 St & York Ave,-25,40.759107,-73.959223
275,3002,South End Ave & Liberty St,-33,40.711512,-74.01575600000001
276,3016,Kent Ave & N 7 St,1196,40.72036775298455,-73.96165072917937
277,3041,Kingston Ave & Herkimer St,33,40.67890679,-73.94142771
278,3042,Fulton St & Utica Ave,81,40.6794268,-73.92989109999999
279,3043,Lewis Ave & Decatur St,-10,40.6814598,-73.934903
280,3044,Albany Ave & Fulton St,-11,40.6800105,-73.938475
281,3046,Marcus Garvey Blvd & Macon St,20,40.682601,-73.938037
282,3047,Halsey St & Tompkins Ave,-17,40.682368700000005,-73.944118
283,3048,Putnam Ave & Nostrand Ave,-32,40.684020000000004,-73.94977
284,3049,Cambridge Pl & Gates Ave,-4,40.68488,-73.96304
285,3050,Putnam Ave & Throop Ave,-17,40.6851532,-73.94111
286,3052,Lewis Ave & Madison St,61,40.686312,-73.935775
287,3053,Marcy Ave & Lafayette Ave,-116,40.6900815,-73.94791500000001
288,3054,Greene Ave & Throop Ave,35,40.6894932,-73.942061
289,3055,Greene Ave & Nostrand Ave,-19,40.68833370000001,-73.950916
290,3056,Kosciuszko St & Nostrand Ave,8,40.69072549,-73.95133465
291,3057,Kosciuszko St & Tompkins Ave,-116,40.69128258,-73.9452416
292,3058,Lewis Ave & Kosciuszko St,-70,40.69237074,-73.93705428
293,3059,Pulaski St & Marcus Garvey Blvd,2,40.693398200000004,-73.939877
294,3060,Willoughby Ave & Tompkins Ave,-1,40.69425403,-73.94626915
295,3061,Throop Ave & Myrtle Ave,-75,40.69622937,-73.94371094
296,3062,Myrtle Ave & Marcy Ave,-40,40.69539817,-73.94954908
297,3063,Nostrand Ave & Myrtle Ave,-23,40.69527008,-73.95238108
298,3064,Myrtle Ave & Lewis Ave,-200,40.69681963,-73.93756926
299,3065,Union Ave & Wallabout St,0,40.70029511,-73.95032283
300,3066,Tompkins Ave & Hopkins St,-12,40.69957608,-73.94708417
301,3067,Broadway & Whipple St,15,40.7016657,-73.9437303
302,3068,Humboldt St & Varet St,22,40.7031724,-73.940636
303,3069,Lorimer St & Broadway,-26,40.70411791,-73.94818595
304,3070,McKibbin St & Manhattan Ave,0,40.70510918,-73.94407279
305,3071,Boerum St & Broadway,22,40.70538077,-73.94976519
306,3072,Leonard St & Boerum St,19,40.70583339,-73.94644578
307,3074,Montrose Ave & Bushwick Ave,-73,40.70767788,-73.94016171
308,3075,Division Ave & Marcy Ave,-3,40.70708701,-73.95796783
309,3076,Scholes St & Manhattan Ave,-64,40.70870368,-73.9448625
310,3077,Stagg St & Union Ave,-76,40.70877084,-73.95095259
311,3078,Broadway & Roebling St,-63,40.70924826276157,-73.96063148975372
312,3080,S 4 St & Rodney St,29,40.709340000000005,-73.95608
313,3081,Graham Ave & Grand St,34,40.711863,-73.944024
314,3082,Hope St & Union Ave,34,40.71167351,-73.95141312
315,3083,Bushwick Ave & Powers St,-128,40.71247661,-73.94100005
316,3085,Roebling St & N 4 St,58,40.714690000000004,-73.95739
317,3086,Graham Ave & Conselyea St,-41,40.715143,-73.944507
318,3087,Metropolitan Ave & Meeker Ave,67,40.71413311,-73.95234386
319,3088,Union Ave & Jackson St,24,40.7160751,-73.95202900000001
320,3092,Berry St & N 8 St,143,40.7190095,-73.95852515
321,3093,N 6 St & Bedford Ave,433,40.71745169,-73.95850939
322,3094,Graham Ave & Withers St,38,40.7169811,-73.94485918
323,3095,Graham Ave & Herbert St,8,40.71929301,-73.94500379
324,3096,Union Ave & N 12 St,158,40.71924,-73.95241999999999
325,3100,Nassau Ave & Newell St,113,40.724812564400175,-73.94752621650694
326,3101,N 12 St & Bedford Ave,91,40.72079821,-73.95484712
327,3102,Driggs Ave & Lorimer St,104,40.72179134,-73.95041540000001
328,3105,N 15 St & Wythe Ave,45,40.724055,-73.955736
329,3106,Driggs Ave & N Henry St,-47,40.72325,-73.94308000000001
330,3107,Bedford Ave & Nassau Ave,237,40.72311651,-73.95212324
331,3108,Nassau Ave & Russell St,-239,40.725570000000005,-73.94434
332,3109,Banker St & Meserole Ave,40,40.72606,-73.95621
333,3110,Meserole Ave & Manhattan Ave,71,40.72708584,-73.95299117
334,3112,Milton St & Franklin St,259,40.72906,-73.95779
335,3113,Greenpoint Ave & Manhattan Ave,84,40.730259999999994,-73.95394
336,3115,India St & Manhattan Ave,147,40.73232194,-73.9550858
337,3116,Huron St & Franklin St,113,40.732659999999996,-73.95826
338,3117,Franklin St & Dupont St,92,40.735640000000004,-73.95866
339,3118,McGuinness Blvd & Eagle St,70,40.73555,-73.95284000000001
340,3119,Vernon Blvd & 50 Ave,54,40.74232744,-73.95411749
341,3121,Jackson Ave & 46 Rd,-29,40.74524768,-73.94733276
342,3122,48 Ave & 5 St,20,40.74436328706688,-73.95587325096129
343,3123,31 St & Thomson Ave,53,40.74469738,-73.93540375
344,3124,46 Ave & 5 St,47,40.74731,-73.95451
345,3125,45 Rd & 11 St,12,40.74708586,-73.94977234
346,3126,44 Dr & Jackson Ave,-32,40.74718234,-73.9432635
347,3127,9 St & 44 Rd,-2,40.74966,-73.9521
348,3128,21 St & 43 Ave,-13,40.75052534,-73.94594845
349,3129,Queens Plaza North & Crescent St,-202,40.75110165,-73.94073717
350,3130,21 St & Queens Plaza North,-47,40.75325964,-73.94335788
351,3131,E 68 St & 3 Ave,-394,40.76712840349542,-73.96224617958069
352,3132,E 59 St & Madison Ave,-318,40.76350532,-73.97109243
353,3134,3 Ave & E 62 St,-490,40.76312584,-73.96526895
354,3135,E 75 St & 3 Ave,-22,40.77112927,-73.95772297
355,3136,5 Ave & E 63 St,0,40.766368,-73.971518
356,3137,5 Ave & E 73 St,-119,40.77282817,-73.96685276
357,3139,E 72 St & Park Ave,-167,40.77118287540658,-73.96409422159195
358,3140,1 Ave & E 78 St,-283,40.77140426,-73.9535166
359,3141,1 Ave & E 68 St,92,40.76500525,-73.95818491
360,3142,1 Ave & E 62 St,-268,40.761227399999996,-73.96094022
361,3143,5 Ave & E 78 St,-617,40.77632142182271,-73.96427392959596
362,3144,E 81 St & Park Ave,-568,40.77677702,-73.95900970000001
363,3145,E 84 St & Park Ave,-628,40.77862688,-73.95772073
364,3146,E 81 St & 3 Ave,-102,40.77573034,-73.9567526
365,3147,E 85 St & 3 Ave,-195,40.77801203,-73.95407149
366,3148,E 84 St & 1 Ave,-6,40.77565541,-73.95068615
367,3150,E 85 St & York Ave,-132,40.77536905,-73.94803392
368,3151,E 81 St & York Ave,-589,40.7728384,-73.94989233
369,3152,3 Ave & E 71 St,-157,40.76873687,-73.96119945
370,3154,E 77 St & 3 Ave,-250,40.77314236,-73.95856158
371,3156,E 72 St & York Ave,-9,40.76663814,-73.95348296
372,3157,East End Ave & E 86 St,20,40.77518615,-73.94446054
373,3158,W 63 St & Broadway,-418,40.77163851,-73.98261428
374,3159,W 67 St & Broadway,-324,40.77492513,-73.98266566
375,3160,Central Park West & W 76 St,-673,40.77896784,-73.97374737
376,3161,W 76 St & Columbus Ave,-1946,40.7801839724239,-73.97728532552719
377,3163,Central Park West & W 68 St,-880,40.7734066,-73.97782542
378,3164,Columbus Ave & W 72 St,-3144,40.7770575,-73.97898475
379,3165,Central Park West & W 72 St,-136,40.77579376683666,-73.97620573639871
380,3166,Riverside Dr & W 72 St,143,40.780577990103346,-73.98562431335448
381,3167,Amsterdam Ave & W 73 St,-850,40.779668090073116,-73.98093044757842
382,3168,Central Park West & W 85 St,-237,40.78472675,-73.96961715
383,3169,Riverside Dr & W 82 St,-248,40.78720869,-73.98128127
384,3170,W 84 St & Columbus Ave,-572,40.78499979,-73.97283406
385,3171,Amsterdam Ave & W 82 St,-880,40.78524672,-73.97667321
386,3172,W 74 St & Columbus Ave,-113,40.7785669,-73.97754961
387,3173,Riverside Blvd & W 67 St,66,40.777507027547976,-73.98888587951659
388,3175,W 70 St & Amsterdam Ave,-288,40.77748046,-73.98288594
389,3177,W 84 St & Broadway,-277,40.7867947,-73.977112
390,3178,Riverside Dr & W 78 St,-113,40.78414472,-73.98362492
391,3179,Park Ave & Marcus Garvey Blvd,8,40.698617,-73.941342
392,3221,47 Ave & 31 St,15,40.743,-73.93561
393,3226,W 82 St & Central Park West,-891,40.78275,-73.97137
394,3231,E 67 St & Park Ave,-200,40.76780080148132,-73.96592080593109
395,3232,Bond St & Fulton St,496,40.68962188790333,-73.98304268717766
396,3233,E 48 St & 5 Ave,-112,40.75724567911726,-73.97805914282799
397,3235,E 41 St & Madison Ave,-260,40.752165280621966,-73.97992193698882
398,3236,W 42 St & Dyer Ave,32,40.75898481399634,-73.99379968643187
399,3241,Monroe St & Tompkins Ave,22,40.686203000000006,-73.944694
400,3242,Schermerhorn St & Court St,36,40.69102925677968,-73.99183362722397
401,3243,E 58 St & 1 Ave (NE Corner),-92,40.75892386377695,-73.96226227283478
402,3244,University Pl & E 8 St,-89,40.73143724085228,-73.99490341544151
403,3246,Montague St & Clinton St,-10,40.694281141397326,-73.99230033159256
404,3249,Verona Pl & Fulton St,18,40.680356084043396,-73.94767910242079
405,3255,8 Ave & W 31 St,1459,40.7505853470215,-73.9946848154068
406,3256,Pier 40 - Hudson River Park,-3,40.7277140777778,-74.01129573583603
407,3259,9 Ave & W 28 St,11,40.74937024193277,-73.99923384189607
408,3260,Mercer St & Bleecker St,1227,40.72706363348306,-73.99662137031554
409,3263,Cooper Square & Astor Pl,165,40.729514962249496,-73.99075269699097
410,3282,5 Ave & E 88 St,91,40.78307,-73.95939
411,3283,W 89 St & Columbus Ave,-1923,40.7882213,-73.97041561
412,3284,E 88 St & Park Ave,-305,40.781410700190015,-73.95595908164978
413,3285,W 87 St & Amsterdam Ave,-130,40.78839,-73.9747
414,3286,E 89 St & 3 Ave,-202,40.7806284,-73.9521667
415,3287,W 87 St & West End Ave,-606,40.789621999999994,-73.97757
416,3288,E 88 St & 1 Ave,118,40.778301,-73.9488134
417,3289,W 90 St & Amsterdam Ave,-200,40.79017948095081,-73.97288918495178
418,3290,E 89 St & York Ave,-96,40.7779453,-73.94604100000001
419,3292,5 Ave & E 93 St,-165,40.785785100000005,-73.957481
420,3293,W 92 St & Broadway,-203,40.7921,-73.9739
421,3294,E 91 St & Park Ave,-189,40.7835016,-73.955327
422,3295,Central Park W & W 96 St,-1301,40.791270000000004,-73.964839
423,3296,E 93 St & 2 Ave,-32,40.78245417527987,-73.94891962409021
424,3297,6 St & 7 Ave,-115,40.668662700000006,-73.97988067
425,3298,Warren St & Court St,41,40.686371,-73.99383324
426,3299,E 98 St & Park Ave,-31,40.788129999999995,-73.95206
427,3300,Prospect Park West & 8 St,-116,40.66514681533792,-73.97637605667114
428,3301,Columbus Ave & W 95 St,-930,40.7919557,-73.968087
429,3302,Columbus Ave & W 103 St,-85,40.7969347,-73.9643412291
430,3303,Butler St & Court St,35,40.6849894,-73.99440329
431,3304,6 Ave & 9 St,27,40.668127,-73.98377641
432,3305,E 91 St & 2 Ave,-104,40.781122299341654,-73.94965589046478
433,3306,10 St & 7 Ave,-80,40.666207799999995,-73.98199886
434,3307,West End Ave & W 94 St,-54,40.7941654,-73.974124
435,3308,Kane St & Clinton St,113,40.686175799999994,-73.99645295
436,3309,E 97 St & 3 Ave,-60,40.7859201,-73.94860294
437,3310,14 St & 7 Ave,-186,40.663779,-73.98396846
438,3311,Columbia St & Kane St,29,40.68763155,-74.0016256
439,3312,1 Ave & E 94 St,81,40.78172120000001,-73.94594000000001
440,3313,6 Ave & 12 St,37,40.666318100000005,-73.9854617
441,3314,W 95 St & Broadway,11,40.7937704,-73.971888
442,3315,Henry St & Degraw St,57,40.684751399999996,-73.99917254
443,3317,10 St & 5 Ave,42,40.6686273,-73.98700053
444,3318,2 Ave & E 96 St,24,40.7839636,-73.94716729999999
445,3319,14 St & 5 Ave,8,40.666287,-73.98895053
446,3320,Central Park West & W 100 St,-292,40.794066608185524,-73.96286845207214
447,3321,Clinton St & Union St,-48,40.683116399999996,-73.99785267
448,3322,12 St & 4 Ave,71,40.668603000000004,-73.99043940000001
449,3323,W 106 St & Central Park West,-619,40.798185600000004,-73.96059090060001
450,3324,3 Ave & 14 St,90,40.6685455,-73.99333264
451,3325,E 95 St & 3 Ave,-32,40.7849032,-73.950503
452,3326,Clinton St & Centre St,47,40.67434,-74.00194698
453,3327,3 Ave & E 100 St,-1,40.787721399999995,-73.94728331
454,3328,W 100 St & Manhattan Ave,-281,40.795,-73.9645
455,3329,Degraw St & Smith St,62,40.6829151,-73.99318208
456,3330,Henry St & Bay St,10,40.672505799999996,-74.00494695
457,3331,Riverside Dr & W 104 St,-103,40.8013434,-73.97114574390001
458,3332,Degraw St & Hoyt St,24,40.68199044270703,-73.99079024791719
459,3333,Columbia St & Lorraine St,47,40.6747055,-74.00755720000001
460,3335,Union St & 4 Ave,618,40.6772744,-73.98282002
461,3336,E 97 St & Madison Ave,-149,40.787801,-73.953559
462,3337,Dwight St & Van Dyke St,101,40.67363551341504,-74.01195555925368
463,3338,2 Ave & E 99 St,-47,40.786258600000004,-73.94552579
464,3339,Berkeley Pl & 6 Ave,14,40.6765304,-73.97846879
465,3340,Wolcott St & Dwight St,29,40.6753274,-74.0100698
466,3341,Central Park West & W 102 St,-395,40.795346,-73.96186
467,3342,Pioneer St & Richards St,103,40.677774799999995,-74.0094613
468,3343,W 107 St & Columbus Ave,-66,40.7997568,-73.9621128676
469,3344,Pioneer St & Van Brunt St,191,40.679043,-74.011169
470,3345,Madison Ave & E 99 St,58,40.78948541553215,-73.9524292945862
471,3346,Berkeley Pl & 7 Ave,20,40.675146838709786,-73.9752320945263
472,3347,Van Brunt St & Wolcott St,169,40.6773429,-74.01275056
473,3348,Coffey St & Conover St,57,40.677236,-74.015665
474,3349,Grand Army Plaza & Plaza St West,-584,40.6729679,-73.97087984
475,3350,W 100 St & Broadway,-724,40.797372100000004,-73.97041192
476,3351,E 102 St & 1 Ave,186,40.7869946,-73.94164802
477,3352,Sigourney St & Columbia St,129,40.67267243410948,-74.00879524648191
478,3354,3 St & Prospect Park West,-445,40.668132,-73.97363831
479,3355,E 66 St & Madison Ave,-111,40.768008893059466,-73.96845281124116
480,3356,Amsterdam Ave & W 66 St,-41,40.7746671,-73.98470567
481,3357,W 106 St & Amsterdam Ave,-168,40.80083629999999,-73.9664492472
482,3358,Garfield Pl & 8 Ave,-15,40.671197799999995,-73.97484126
483,3359,E 68 St & Madison Ave,-437,40.7691572,-73.96703464
484,3360,Amsterdam Ave & W 79 St,-248,40.7829391,-73.9786517
485,3361,Carroll St & 6 Ave,32,40.6740886,-73.9787282
486,3362,Madison Ave & E 82 St,-183,40.7781314,-73.96069399
487,3363,E 102 St & Park Ave,-9,40.7904828,-73.95033068
488,3364,Carroll St & 5 Ave,140,40.6751622,-73.9814832
489,3365,3 St & 7 Ave,-147,40.67038370000001,-73.97839676
490,3366,West End Ave & W 107 St,-476,40.8021174,-73.9681805305
491,3367,5 Ave & E 103 St,82,40.792255299999994,-73.95249933
492,3368,5 Ave & 3 St,98,40.672815500000006,-73.98352355
493,3369,E 82 St & East End Ave,-78,40.7724607,-73.9468208
494,3370,E 78 St & 2 Ave,-126,40.7727966,-73.95577801
495,3372,E 74 St & 1 Ave,41,40.7689738,-73.95482273
496,3373,3 St & 3 Ave,223,40.675070500000004,-73.98775226
497,3374,Central Park North & Adam Clayton Powell Blvd,746,40.799484,-73.955613
498,3375,3 Ave & E 72 St,-398,40.7699426,-73.96060712
499,3376,E 65 St & 2 Ave,-155,40.76471851944339,-73.96222069859505
500,3377,Carroll St & Bond St,71,40.6786115,-73.99037292
501,3378,E 76 St & Park Ave,-147,40.773763,-73.96222088
502,3379,E 103 St & Lexington Ave,17,40.790305100000005,-73.94755757
503,3381,3 St & Hoyt St,9,40.6777287,-73.99364123
504,3382,Carroll St & Smith St,98,40.680611,-73.99475825
505,3383,Cathedral Pkwy & Broadway,-888,40.804213,-73.96699104
506,3384,Smith St & 3 St,15,40.678724200000005,-73.99599099
507,3386,1 Pl & Clinton St,-33,40.6809591,-73.99905709
508,3387,E 106 St & Madison Ave,77,40.79343370000001,-73.94945003
509,3388,President St & Henry St,72,40.6828003,-73.99990419
510,3389,Carroll St & Columbia St,25,40.6830456,-74.00348559
511,3390,E 109 St & 3 Ave,65,40.79329668,-73.9432083
512,3391,E 106 St & 1 Ave,38,40.7892529,-73.93956237
513,3392,Commerce St & Van Brunt St,23,40.681211700000006,-74.00860912
514,3393,Richards St & Delavan St,68,40.67943270000001,-74.00785041
515,3394,Columbia St & W 9 St,53,40.6769993,-74.00647134
516,3395,Henry St & W 9 St,-1,40.6763744,-74.00324957
517,3396,Clinton St & 4 Place,23,40.6783563,-74.00014502
518,3397,Court St & Nelson St,102,40.6763947,-73.99869893
519,3398,Smith St & 9 St,25,40.67469570000001,-73.99785768
520,3399,7 St & 3 Ave,95,40.67260298150126,-73.98983001708984
521,3400,E 110 St & Madison Ave,142,40.796153499999996,-73.94782145
522,3402,Court St & State St,150,40.6902375,-73.99203074
523,3403,4 Ave & 9 St,143,40.6705135,-73.98876585
524,3404,7 St & 5 Ave,50,40.670492200000005,-73.98541675
525,3405,5 St & 6 Ave,3,40.670483600000004,-73.98208968
526,3407,Union St & Nevins St,90,40.67909799721684,-73.98765474557877
527,3408,Congress St & Clinton St,90,40.6881529,-73.99520919
528,3409,Bergen St & Smith St,1058,40.686744299999994,-73.99063168
529,3410,Dean St & Hoyt St,106,40.686444200000004,-73.98759104
530,3411,Bond St & Bergen St,189,40.6849668,-73.98620772
531,3412,Pacific St & Nevins St,31,40.6853761,-73.98302136
532,3414,Bergen St & Flatbush Ave,162,40.680944723477296,-73.97567331790923
533,3415,Prospect Pl & 6 Ave,9,40.6793307,-73.97519523
534,3416,7 Ave & Park Pl,-135,40.67761470000001,-73.97324283
535,3417,Baltic St & 5 Ave,223,40.6795766,-73.97854971
536,3418,Plaza St West & Flatbush Ave,-1209,40.675020700000005,-73.97111473
537,3419,Douglass St & 4 Ave,166,40.67927879999999,-73.98154004
538,3420,Douglass St & 3 Ave,376,40.6802133,-73.98432695
539,3421,Hoyt St & Warren St,28,40.6843549,-73.98901629
540,3422,Columbia St & Degraw St,78,40.6859296,-74.00242364
541,3423,West Drive & Prospect Park West,116,40.6610633719006,-73.97945255041121
542,3424,E 106 St & Lexington Ave,61,40.791976,-73.945993
543,3425,2 Ave & E 104 St,-44,40.789210499999996,-73.94370784
544,3429,Hanson Pl & Ashland Pl,315,40.68506807308177,-73.97790759801863
545,3430,Richardson St & N Henry St,-78,40.71907891179564,-73.94223690032959
546,3435,Grand St & Elizabeth St,215,40.718821999999996,-73.99596
547,3437,Riverside Dr & W 91 St,15,40.793134809866636,-73.97700369358063
548,3440,Fulton St & Adams St,141,40.692418292578466,-73.98949474096298
549,3441,10 Hudson Yards,7,40.752957,-74.00264
550,3443,W 52 St & 6 Ave,73,40.76132983124814,-73.97982001304626
551,3452,Bayard St & Leonard St,61,40.71915571696044,-73.94885390996933
552,3453,Devoe St & Lorimer St,12,40.71335226222875,-73.9491033554077
553,3454,Leonard St & Maujer St,7,40.71036854235229,-73.94705951213838
554,3456,Jackson St & Leonard St,23,40.716380319735606,-73.94821286201476
555,3457,E 58 St & Madison Ave,4,40.763025942805186,-73.97209525108337
556,3461,Murray St & Greenwich St,1351,40.71485150526252,-74.01122331619263
557,3463,E 16 St & Irving Pl,-11,40.735367055605394,-73.98797392845155
558,3467,W Broadway & Spring St,1293,40.72494672359416,-74.00165855884552
559,3469,India St & West St,72,40.73181401720966,-73.95995020866394
560,3472,W 15 St & 10 Ave,598,40.742753828659026,-74.00747358798982
561,3477,39 St & 2 Ave,88,40.65539977447831,-74.0106278657913
562,3478,2 Ave & 36 St,228,40.65708866668485,-74.00870203971863
563,3486,Schermerhorn St & Bond St,144,40.68841742754083,-73.98451656103134
564,3490,E 116 St & 2 Ave,28,40.796879,-73.93726099999999
565,3491,E 118 St & 1 Ave,94,40.797470000000004,-73.93504
566,3492,E 118 St & Park Ave,-5,40.8005385,-73.9419949
567,3493,E 118 St & 3 Ave,-25,40.799139000000004,-73.9389152
568,3494,E 115 St & Lexington Ave,5,40.797911,-73.9423
569,3495,E 114 St & 1 Ave,126,40.79456629999999,-73.9362541
570,3496,1 Ave & E 110 St,219,40.7923272,-73.9383
571,3497,Pleasant Ave & E 116 St,179,40.794987899999995,-73.9333349
572,3498,Pleasant Ave & E 120 St,62,40.7974772,-73.9311847
573,3499,2 Ave & E 122 St,1,40.8006721,-73.9349
574,3500,E 115 St & Madison Ave,4,40.7989445,-73.944846
575,3501,E 118 St & Madison Ave,2,40.801486600000004,-73.9442507
576,3502,Lexington Ave & E 111 St,125,40.79541210000001,-73.9441232
577,3503,Madison Ave & E 120 St,-70,40.80295,-73.942954
578,3504,E 123 St & Lexington Ave,22,40.802926299999996,-73.9379
579,3505,Lexington Ave & E 127 St,-6,40.805726,-73.936322
580,3506,Lexington Ave & E 120 St,1,40.8013066,-73.93981670000001
581,3507,Park Ave & E 124 St,20,40.8045555,-73.93968609999999
582,3508,St Nicholas Ave & Manhattan Ave,30,40.809725,-73.953149
583,3509,Lenox Ave & W 115 St,113,40.8011939,-73.9500739
584,3510,Adam Clayton Powell Blvd & W 123 St,-25,40.8078316,-73.949373
585,3511,Adam Clayton Powell Blvd & W 115 St,26,40.802535,-73.9532423
586,3513,21 St & Hoyt Ave S,19,40.774645,-73.92370600000001
587,3514,Astoria Park S & Shore Blvd,22,40.7767,-73.927631
588,3515,24 Ave & 26 St,1,40.774591,-73.918544
589,3516,31 St & Astoria Blvd,-10,40.76991760000001,-73.91840570000001
590,3517,31 St & Hoyt Ave N,-11,40.771152799999996,-73.9170074
591,3518,Lenox Ave & W 126 St,35,40.808442,-73.94520870000001
592,3520,Adam Clayton Powell Blvd & W 118 St,20,40.804372,-73.951475
593,3521,Lenox Ave & W 111 St,375,40.7987859,-73.9523
594,3522,37 St & 24 Ave,4,40.7701477,-73.9120938
595,3523,24 Ave & 29 St,12,40.7729,-73.91614200000001
596,3524,19 St & 24 Ave,35,40.777455200000006,-73.9225403
597,3525,23 Ave & 27 St,-36,40.776165,-73.9153175
598,3526,31 St & 23 Ave,-18,40.7747878,-73.91255509999999
599,3527,5 Ave & E 126 St,-14,40.806979999999996,-73.94174699999999
600,3528,Steinway St & 23 Ave,5,40.771393700000004,-73.9077436
601,3529,Lenox Ave & W 130 St,50,40.8107922,-73.9430681
602,3530,Crescent St & Ditmars Blvd,-4,40.7787185,-73.9145645
603,3531,Frederick Douglass Blvd & W 129 St,-12,40.8125511,-73.9492286
604,3532,Ditmars Blvd & 19 St,55,40.78145,-73.9183302
605,3533,St. Nicholas Ave & W 126 St,11,40.8114323,-73.95187759999999
606,3534,Frederick Douglass Blvd & W 117 St,181,40.805159,-73.95469200000001
607,3535,Mt Morris Park W & W 120 St,13,40.804038,-73.945925
608,3536,W 116 St & Broadway,-777,40.8082,-73.9641
609,3537,Carlton Ave & Dean St,34,40.68097410000001,-73.97100970000001
610,3538,W 110 St & Amsterdam Ave,-180,40.802692,-73.96295
611,3539,W 116 St & Amsterdam Ave,-1056,40.8067581,-73.9607082
612,3540,Morningside Ave & W 123 St,-6,40.81,-73.9551508
613,3541,Amsterdam Ave & W 125 St,-62,40.813358,-73.956461
614,3542,Amsterdam Ave & W 119 St,-151,40.8086249,-73.9596214
615,3543,Morningside Dr & Amsterdam Ave,-41,40.81028506306003,-73.95736455917357
616,3544,Underhill Ave & Pacific St,9,40.6804836,-73.9646795
617,3545,Broadway & W 122 St,-84,40.8120562,-73.9612547
618,3546,Pacific St & Classon Ave,-14,40.67919439999999,-73.95879029999999
619,3547,Broadway & Moylan Pl,-41,40.8143256,-73.9590255
620,3549,Grand Ave & Bergen St,-309,40.678045000000004,-73.962408
621,3551,3 Ave & E 112 St,33,40.795508,-73.94160600000001
622,3552,W 113 St & Broadway,-299,40.805973,-73.964928
623,3553,Frederick Douglass Blvd & W 112 St,84,40.801694,-73.957145
624,3554,Vernon Blvd & 41 Rd,1,40.7552433,-73.94856779999999
625,3555,28 St & 41 Ave,-53,40.751047,-73.93796999999999
626,3556,24 St & 41 Ave,-2,40.752708500000004,-73.9397405
627,3557,40 Ave & 9 St,-12,40.75742,-73.945133
628,3558,Bergen St & Vanderbilt Ave,-158,40.6794388,-73.96804379999999
629,3559,21 St & 38 Ave,-6,40.7576314,-73.9391224
630,3561,37 Ave & 35 St,-50,40.7531106,-73.9279917
631,3562,Classon Ave & St Marks Ave,-283,40.676519799999994,-73.9596082
632,3563,28 St & 36 Ave,-48,40.757186,-73.93271899999999
633,3564,21 St & 36 Ave,-6,40.760185299999996,-73.9362726
634,3565,36 Ave & 10 St,16,40.7614376,-73.9411265
635,3566,Crescent St & 35 Ave,45,40.7596276,-73.93214549999999
636,3567,11 St & 35 Ave,-50,40.76274420000001,-73.9391141
637,3568,34 St & 35 Ave,10,40.756933200000006,-73.92622309999999
638,3569,Franklin Ave & St Marks Ave,-63,40.6758324,-73.95616770000001
639,3570,35 Ave & 37 St,-29,40.7557327,-73.92366109999999
640,3571,Bedford Ave & Bergen St,-267,40.676368,-73.95291800000001
641,3572,34 Ave & 38 St,8,40.756913,-73.921631
642,3573,35 St & 34 Ave,4,40.7580583,-73.92427509999999
643,3574,Prospect Pl & Underhill Ave,-112,40.6769694,-73.96579
644,3575,Crescent St & 34 Ave,11,40.76108,-73.930562
645,3576,Park Pl & Vanderbilt Ave,-165,40.6767,-73.969024
646,3577,34 Ave & 21 St,-7,40.762813799999996,-73.9342862
647,3578,Park Pl & Franklin Ave,5,40.67418060000001,-73.95649470000001
648,3579,Sterling Pl & Bedford Ave,-114,40.672695000000004,-73.954131
649,3580,St Johns Pl & Washington Ave,-697,40.6737236,-73.9631611
650,3581,Underhill Ave & Lincoln Pl,-432,40.674012299999994,-73.9671457
651,3582,Lincoln Pl & Classon Ave,-36,40.672168299999996,-73.9609
652,3583,Eastern Pkwy & Washington Ave,-390,40.6716493,-73.9631145
653,3584,Eastern Pkwy & Franklin Ave,-655,40.670776700000005,-73.9576801
654,3585,Union St & Bedford Ave,-2,40.6691783,-73.9554162
655,3586,34 Ave & 13 St,-12,40.763875299999995,-73.9364848
656,3587,Carroll St & Washington Ave,13,40.6686744,-73.9618148
657,3588,Vernon Blvd & 10 St,145,40.7671863,-73.9373554
658,3589,Broadway & 12 St,24,40.7668,-73.93477740000002
659,3590,Carroll St & Franklin Ave,17,40.6679411,-73.9588
660,3591,21 St & 31 Dr,9,40.7659,-73.930819
661,3592,Crescent St & Broadway,8,40.7633589,-73.92864709999999
662,3593,31 St & Broadway,-77,40.761584,-73.925921
663,3595,35 St & Broadway,15,40.760339,-73.9222427
664,3596,Sullivan Pl & Bedford Ave,58,40.6642406,-73.9574686
665,3597,43 St & Broadway,2,40.7577284,-73.9166368
666,3598,Newton Rd & 44 St,5,40.7595701,-73.91426779999999
667,3599,Franklin Ave & Empire Blvd,396,40.663140000000006,-73.96056949999999
668,3600,31 Ave & Steinway St,-34,40.761148799999994,-73.9170071
669,3601,Sterling St & Bedford Ave,67,40.6627059,-73.9569115
670,3602,31 Ave & 34 St,-18,40.763154,-73.920827
671,3603,31 Ave & 30 St,-12,40.7647,-73.9240312
672,3604,Rogers Ave & Sterling St,57,40.6630619,-73.95387459999999
673,3605,31 Ave & Crescent St,-18,40.765834600000005,-73.9265474
674,3606,49 Ave & 21 St,-12,40.74252,-73.948852
675,3607,31 Ave & 14 St,35,40.7682,-73.9322662
676,3608,5 St & 51 Ave,-10,40.7423737,-73.9566
677,3609,Vernon Blvd & 31 Ave,81,40.7692475,-73.93545040000001
678,3610,Vernon Blvd & 30 Rd,-127,40.770845,-73.93417099999999
679,3611,Vernon Blvd & 47 Rd,19,40.7449067,-73.9534573
680,3612,30 Ave & 21 St,21,40.77037429999999,-73.9286078
681,3613,Center Blvd & 48 Ave,3,40.745038,-73.957539
682,3614,Crescent St & 30 Ave,14,40.768692,-73.9249574
683,3615,44 Dr & 21 St,43,40.748000000000005,-73.94609270000001
684,3616,Steinway St & 28 Ave,-22,40.7656251,-73.9136695
685,3617,28 Ave & 35 St,-33,40.7671,-73.9169858
686,3618,27 St & Hunter St,4,40.7485,-73.941275
687,3619,Newtown Ave & 23 St,23,40.7713615,-73.9246145
688,3620,11 St & 43 Ave,-11,40.7519071,-73.94791190000001
689,3621,27 Ave & 9 St,15,40.7739825,-73.93091340000001
690,3622,E 128 St & Madison Ave,10,40.807559999999995,-73.93918199999999
691,3623,W 120 St & Claremont Ave,-391,40.8109494,-73.9634
692,3628,Lenox Ave & W 117 St,49,40.8025566,-73.9490782
693,3629,Adam Clayton Powell Blvd & W 126 St,35,40.809495347779475,-73.94776493310928
694,3630,Frederick Douglass Blvd & W 115 St,32,40.8038654,-73.95593079999999
695,3637,Fulton St & Waverly Ave,-348,40.68323865460341,-73.96599590778352
696,3641,Broadway & W 25 St,191,40.74286877312112,-73.98918628692627
697,3646,35 Ave & 10 St,23,40.763154819103725,-73.93985509872438
698,3647,48 Ave & 30 Pl,4,40.74128309355993,-73.93725872039794
699,3648,Flushing Ave & Vanderbilt Ave,392,40.69795031569544,-73.97077560424805
700,3649,W 129 St & Convent Ave,-20,40.81439443791581,-73.95324736833571
701,3654,31 St & Northern Blvd,-56,40.75186951421875,-73.93349289894103
702,3656,E 2 St & Avenue A,354,40.72307749068673,-73.98583620786667
703,3658,W 18 St & 9 Ave,160,40.7435337324616,-74.00367558002472
704,3661,Montgomery St & Franklin Ave,11,40.666439306870814,-73.96055638790129
705,3662,31 Ave & Steinway St,-2,40.76129389728909,-73.916916847229
706,3664,North Moore St & Greenwich St,1649,40.72019521437465,-74.0103006362915
707,3668,Leonard St & Nassau Ave,66,40.7239567849954,-73.94984364509583
708,3671,E 81 St & 2 Ave,-534,40.77477944895728,-73.95427465438844
709,3673,Dean St & Franklin Ave,44,40.67759206937376,-73.95563721656801
710,3674,Jay St & York St,989,40.70140317257725,-73.98672670125961
711,3676,Van Brunt St & Van Dyke St,181,40.675832943912894,-74.01472628116608
712,3680,E 43 St & 5 Ave,-661,40.754120810779256,-73.98025184869765
713,3686,Gansevoort St & Hudson St,253,40.73944820130404,-74.00507032871245
714,3687,E 33 St & 1 Ave,1077,40.74322681432173,-73.97449783980845
715,3689,W 104 St & Amsterdam Ave,-122,40.79904139288298,-73.96649479866028
716,3690,Park Pl & Church St,85,40.71334184275907,-74.00935515761375
717,3691,28 Ave & 44 St,16,40.76408932350689,-73.9106512069702
718,3692,5 St & Market St,-7,40.6999974843885,-73.97440128028394
719,3693,N 11 St & Kent Ave,60,40.72248188638219,-73.95921930670737
720,3697,W 64 St & Thelonious Monk Circle,-181,40.77515953434235,-73.98918695747851
721,3699,W 50 St & 9 Ave,-528,40.76360467795863,-73.98917958140373
722,3704,47 Ave & Skillman Ave,-1,40.7437524099784,-73.94176483154297
723,3707,Lexington Ave & E 26 St,-87,40.741459000000006,-73.983293
724,3708,W 13 St & 5 Ave,137,40.735445,-73.99431
725,3709,W 15 St & 6 Ave,-301,40.73804614248277,-73.99642959237099
726,3711,E 13 St & Avenue A,-153,40.72966729392978,-73.98067966103555
727,3712,W 35 St & Dyer Ave,-247,40.754691750226016,-73.9974018931389
728,3714,Division Ave & Hooper St,3,40.70684203101325,-73.9544353965357
729,3715,Driggs Ave & N 9 St,245,40.71816969454208,-73.95520135760306
730,3716,40 Ave & Crescent St,-22,40.7535992020056,-73.9379560947418
731,3718,E 11 St & Avenue B,-481,40.727464206923926,-73.97950418293476
732,3720,Wyckoff St & Bond St,18,40.68461653897949,-73.98721285164356
733,3721,31 St & Newtown Ave,-113,40.7675487799971,-73.92093345522879
734,3723,Cadman Plaza E & Johnson St,52,40.69531727766904,-73.99015724658966
735,3724,7 Ave & Central Park South,-818,40.7667405590595,-73.9790689945221
736,3725,2 Ave & E 72 St,-263,40.7687620293096,-73.95840793848038
737,3726,Center Blvd & 51 Ave,17,40.74336608027021,-73.95960688591003
738,3727,Frost St & Meeker Ave,73,40.71766197083994,-73.94880026578903
739,3728,Pierrepont St & Monroe Pl,8,40.69535693320225,-73.99344027042389
740,3731,W 47 St & 6 Ave,-160,40.758396999999995,-73.98255
741,3733,Avenue C & E 18 St,-702,40.730563000000004,-73.973984
742,3734,E 58 St &  1 Ave (NW Corner),-52,40.759125,-73.96265799999999
743,3735,W 30 St & 10 Ave,66,40.752694,-74.002353
744,3736,E 12 St & Ave C,-79,40.727243,-73.976831
745,3737,Stanton St & Norfolk St,125,40.720746999999996,-73.986274
746,3738,Delancey St & Eldridge St,-41,40.719383,-73.991479
747,3739,Perry St & Greenwich Ave,-11,40.735918,-74.000939
748,3740,W Broadway & W Houston St,510,40.726378000000004,-74.000472
749,3744,1 Ave & E 5 St,-565,40.725864,-73.986389
750,3745,36 Ave & 31 St,-71,40.75651272984955,-73.92957486212252
751,3746,6 Ave & Broome St,972,40.72430832160217,-74.00473035871983
752,3749,Lexington Ave & E 36 St,-126,40.747573958954796,-73.97880077362059
753,3755,DeKalb Ave & Franklin Ave,-15,40.69064807082943,-73.95746178925037
754,3756,White St & Moore St,5,40.704508000000004,-73.9351
755,3757,Stagg St & Morgan Ave,5,40.710681,-73.93372
756,3758,George St & Wilson Ave,16,40.702996999999996,-73.92997
757,3759,Irving Ave & Jefferson St,21,40.70538,-73.92535
758,3760,Willoughby Ave & Wyckoff Ave,-12,40.705614000000004,-73.92153
759,3761,Cedar St & Myrtle Ave,-73,40.697842,-73.926241
760,3762,3 Ave & Carroll St,186,40.677027,-73.9865
761,3763,Wyckoff Av & Jefferson St,24,40.707165,-73.923711
762,3764,Bushwick Ave & McKibbin St,1,40.705517,-73.93936
763,3765,Bushwick Ave & Stagg St,-10,40.709897,-73.94008000000001
764,3766,Sharon St & Olive St,-2,40.715353,-73.93856
765,3767,Powers St & Olive St,-12,40.713229999999996,-73.93894
766,3768,Waterbury St & Stagg St,-6,40.710190000000004,-73.93734
767,3769,White St & Johnson Ave,4,40.707174,-73.93581
768,3770,Central Ave & Flushing Ave,-9,40.702831,-73.9333
769,3771,McKibbin St & Bogart St,47,40.706237,-73.933871
770,3772,Devoe St & Morgan Ave,0,40.713811,-73.93515
771,3773,Knickerbocker Ave & Thames St,-5,40.70539,-73.92976
772,3774,Knickerbocker Ave & George St,22,40.704425,-73.92836
773,3775,Suydam St & Knickerbocker Ave,-25,40.702013,-73.923769
774,3776,Central Ave & Starr Street,-111,40.700003,-73.92834
775,3777,Stockholm St & Wilson Ave,0,40.699304,-73.92304399999999
776,3778,Irving Ave & DeKalb Ave,-60,40.7027,-73.92095
777,3779,Hart St & Wyckoff Ave,-32,40.704876,-73.919911
778,3780,Wyckoff Av & Stanhope St,-1,40.703545,-73.917775
779,3781,Greene Av & Myrtle Av,-60,40.698568,-73.918877
780,3782,Brooklyn Bridge Park - Pier 2,102,40.698458,-73.997178
781,3783,Cliff St & Fulton St,360,40.70838,-74.00495
782,3785,W 42 St & 6 Ave,-270,40.75492,-73.98455
783,3786,Division St & Bowery,303,40.714193,-73.996732
784,3787,Dock 72 Way & Market St,1,40.69985,-73.97140999999999
785,3788,E 12 St & 4 Av,-11,40.732690000000005,-73.98974
786,3789,Fulton St & Irving Pl,-18,40.68186,-73.95943199999999
787,3790,Henry St & Middagh St,38,40.7003,-73.99158100000001
788,3793,Stuyvesant Walk & 1 Av Loop,80,40.732339777151054,-73.97898383438587
789,3795,10 St & 2 Ave,35,40.671907,-73.993612
790,3798,W 40 St & 5 Ave,-437,40.752269,-73.982079
791,3799,6 Ave & W 34 St,-543,40.74964,-73.98805
792,3803,Bedford Ave & Montgomery St,49,40.665816,-73.95693399999999
793,3804,Front St & Jay St,256,40.702461,-73.98684200000001
794,3808,24 St & 41 Ave,-39,40.752474,-73.939991
795,3809,W 55 St & 6 Ave,-152,40.763189000000004,-73.978434
796,3810,Central Park West & W 82 St,-112,40.782593,-73.971211
797,3811,27 Ave & 3 St,16,40.77485,-73.9342
798,3812,University Pl & E 14 St,1933,40.734814,-73.992085
799,3814,E 56 St & Madison Ave,-80,40.761573,-73.972628
800,3815,E 51 St & 2 Ave,-162,40.755293,-73.967641
801,3816,Metropolitan Ave & Vandervoort Ave,-29,40.714290000000005,-73.93323000000001
802,3817,Withers St & Kingsland Ave,3,40.717729999999996,-73.94051
803,3818,Calyer St & Jewel St,17,40.72984,-73.94839
804,3819,Green St & McGuinness Blvd,25,40.733959999999996,-73.95204
805,3820,Willoughby Ave & Myrtle Ave,20,40.69757,-73.93098
806,3821,Evergreen Ave & Noll St,-110,40.70106,-73.93318000000001
807,3822,Bushwick Ave & Forrest St,-29,40.700759999999995,-73.93641
808,3823,Beaver St & Fayette St,-8,40.700990000000004,-73.93921
809,3824,Van Sinderen Ave & Truxton St,-46,40.6786,-73.90369
810,3825,Broadway & Furman Ave,-31,40.68139,-73.90756
811,3826,Moffat St & Bushwick,4,40.68458,-73.90925
812,3827,Halsey St & Broadway,-85,40.68565,-73.91564
813,3828,Eldert St & Bushwick Ave,-5,40.68652,-73.91320999999999
814,3829,Central Ave & Decatur St,-15,40.6882,-73.90798000000001
815,3830,Halsey St & Evergreen Ave,9,40.68858,-73.91226999999999
816,3831,Broadway & Hancock St,-2,40.68663,-73.9168
817,3832,Central Ave & Weirfield St,-9,40.69055,-73.91181
818,3833,Madison St & Evergreen Ave,-39,40.69122,-73.91693000000001
819,3834,Irving Ave & Halsey St,2,40.69467,-73.90663
820,3835,Knickerbocker Ave & Hancock St,-95,40.69385,-73.90974
821,3836,Bushwick Ave & Linden St,-37,40.69146,-73.92146
822,3837,Broadway & Kosciuszko St,-114,40.693290000000005,-73.92851999999999
823,3838,Bushwick Ave & Harman St,-5,40.69356,-73.92524
824,3839,Putnam Ave & Knickerbocker Ave,-51,40.69545,-73.91164
825,3840,Putnam Ave & Wyckoff Ave,-68,40.69811,-73.90904
826,3841,Menahan St & Central Ave,-15,40.69543,-73.9196
827,3842,Bushwick Ave & Dekalb Ave,-247,40.69502,-73.92825
828,3843,Myrtle Ave & Grove St,-1,40.69905,-73.91516
829,3844,Myrtle Ave & Linden St,-75,40.69943,-73.91337
830,3845,Irving Ave & Harman St,-34,40.70108,-73.9179
831,3846,Central Ave & Himrod St,-60,40.69676,-73.92302
832,3847,Cedar St & Evergreen Ave,-73,40.696709999999996,-73.92806999999999
833,3848,Suydam St & Broadway,-62,40.695440000000005,-73.93223
834,3849,Suydam St & St. Nicholas Ave,-11,40.70636,-73.91945
835,3850,Jefferson St & Cypress Ave,16,40.709070000000004,-73.92156999999999
836,3851,Metropolitan Ave & Stewart Ave,13,40.714009999999995,-73.92793
837,3852,Stewart Ave & Johnson Ave,19,40.708690000000004,-73.92586999999999
838,3853,Harrison Pl & Porter Ave,17,40.70686,-73.92851
839,3854,Morgan Ave & Maspeth Ave,-5,40.716657,-73.93637
840,3855,Frost St & Debevoise Ave,8,40.71882,-73.93948
841,3856,Kingsland Ave & Nassau Ave,-34,40.725770000000004,-73.94173
842,3857,Engert Ave & McGuinness Blvd,12,40.721579999999996,-73.94546
843,3858,Kent St & McGuinness Blvd,22,40.73124,-73.95161
844,3859,Lorimer St & Calyer St,47,40.72795,-73.95414
845,3860,Wilson Ave & Troutman St,-81,40.70166,-73.92754000000001
846,3861,Menahan St & Wyckoff Ave,-12,40.70113,-73.91422
847,3862,Linden St & Knickerbocker Ave,5,40.697140000000005,-73.91566
848,3863,Central Ave & Woodbine St,-6,40.69296,-73.91605
849,3864,Central Ave & Covert St,-12,40.68929,-73.90951
850,3865,Knickerbocker Ave & Cooper St,-35,40.69081,-73.90448
851,3866,Wilson Ave & Moffat St,-10,40.68906,-73.90505999999999
852,3867,Somers St & Broadway,13,40.67945,-73.90474
853,3868,Knickerbocker Ave & Halsey St,-26,40.693000000000005,-73.90824
854,3869,Van Buren St & Broadway,-60,40.692,-73.92617
855,3870,Melrose St & Broadway,-39,40.697480999999996,-73.935877
856,3871,Bushwick Ave & Furman Ave,-52,40.682809999999996,-73.90623000000001
857,3872,Hancock St & Wyckoff Ave,-4,40.6972,-73.90674
858,3873,Madison St & Cypress Ave,-101,40.70068,-73.90742
859,3874,Menahan St & Seneca Ave,-45,40.704609999999995,-73.91054
860,3875,Stephen St & Seneca Ave,4,40.6988,-73.9007
861,3876,Forest Ave & Summerfield St,31,40.699220000000004,-73.89795
862,3877,Madison St & Forest Ave,-20,40.70555,-73.90245
863,3878,Cypress Ave & George St,-9,40.69812,-73.90271
864,3879,Broadway & Madison St,-57,40.68822,-73.91966
865,3880,Willoughby Ave & Onderdonk Ave,1,40.7098,-73.91727
866,3881,12 Ave & W 125 St,24,40.818298999999996,-73.96040500000001
867,3882,Norman St & Wyckoff Ave,10,40.695170000000005,-73.90311
868,3883,Harman St & Seneca Ave,-33,40.70577,-73.91292
869,3884,Centre St & Seneca Ave,-19,40.699690000000004,-73.9022
870,3885,Onderdonk Ave & Gates Ave,7,40.70413,-73.90737
871,3886,Menahan St & Onderdonk Ave,-29,40.705529999999996,-73.9096
872,3887,Flushing Ave & Woodward Ave,-12,40.71246,-73.91873000000001
873,3888,Woodward Ave & Harman St,-49,40.70793,-73.91091999999999
874,3890,Grove St & Broadway,-144,40.69047,-73.923511
875,3891,Irving Ave & Palmetto St,-41,40.698,-73.9127
876,3892,38 Ave & 29 St,-37,40.75473,-73.93366999999999
877,3893,Rockaway Ave & Bainbridge St,5,40.68319988172761,-73.91166642308234
878,3895,Cypress Ave & Palmetto St,-37,40.70157340873792,-73.90876293182373
879,3896,Madison St & Seneca Ave,-6,40.70183,-73.90625
880,3897,Onderdonk Ave & Dekalb Ave,-26,40.70863,-73.91497
881,3898,E 63 St & 3 Ave,-95,40.763954,-73.9646
882,3899,Manhattan Av & Leonard St,42,40.72084,-73.94844
883,3900,Morgan Ave & Lombardy St,7,40.72226,-73.93889
884,3901,Stanhope St & Fairview Ave,-63,40.70998,-73.91116
885,3902,Fairview Ave & Linden St,-13,40.70694,-73.90632
886,3903,Jefferson Ave & Evergreen Ave,-6,40.689890000000005,-73.91458
887,3905,4 Ave & E 12 St,418,40.732647,-73.99011
888,3906,West St & Liberty St,73,40.711444,-74.014847
889,3907,Central Ave & Melrose St,-25,40.70112,-73.93039
890,3908,Battery Pl & Greenwich St,39,40.70463,-74.01507
891,3909,Madison St & Woodward Ave,-34,40.70408,-73.90408000000001
892,3910,Greene Ave & Grandview Ave,-10,40.709697,-73.90785600000001
893,3911,Wyckoff St & Nevins St,33,40.683426000000004,-73.984275
894,3912,MTL-AOS-5.1,0,40.7903,-73.9597
895,3913,Sands St Gate,42,40.699569,-73.979827
896,3914,West End Ave & W 78 St,-55,40.783786,-73.981687
897,3916,Pearl St & Peck Slip,-50,40.708484999999996,-74.002751
898,3917,Willoughby St & Ashland Pl,70,40.69178,-73.97877
899,3918,Avenue D & E 8 St,-8,40.72387,-73.975767
900,3919,Wall St & South St,552,40.704370000000004,-74.00636999999999
901,3920,E 132 St & Madison Ave,12,40.810224,-73.93719499999999
902,3921,Willis Ave & Bruckner Blvd,-1,40.805701,-73.925177
903,3923,Lincoln Ave & E 134 St,-1,40.808484,-73.928803
904,3924,Lincoln Ave & E 138 St,8,40.810893,-73.927311
905,3925,E 138 St & Canal St W,-7,40.812304,-73.929153
906,3926,5 Ave & W 131 St,-18,40.810140000000004,-73.93973000000001
907,3927,Lenox Ave & W 133 St,5,40.81296,-73.941878
908,3928,Adam Clayton Powell Blvd & W 132 St,11,40.813539,-73.94521
909,3929,Willis Ave & E 141 St,-13,40.81093,-73.92160600000001
910,3930,E 142 St & 3 Ave,-6,40.812734999999996,-73.923697
911,3931,Morris Ave & E 142 St,-7,40.814469,-73.924963
912,3932,Grand Concourse & E 144 St,22,40.816576,-73.927987
913,3934,St Nicholas Ave & E 134 St,15,40.816234,-73.948222
914,3935,Amsterdam Ave & W 131 St,-8,40.816355,-73.954295
915,3936,W 133 St & 12 Ave,6,40.820003,-73.959089
916,3937,E 135 St & St Ann's Ave,9,40.805089,-73.91888900000001
917,3938,E 133 St & Cypress Pl,2,40.802620000000005,-73.9174
918,3939,Willow Ave & E 133 St,7,40.800933,-73.913863
919,3940,E 134 St & Walnut Ave,-5,40.800425,-73.911034
920,3941,Walnut Ave & E 136 St,1,40.801657,-73.909513
921,3944,Convent Ave & W 135 St,0,40.818215,-73.950988
922,3945,Amsterdam Ave & W 136 St,-40,40.819746,-73.951819
923,3946,St Nicholas Ave & W 137 St,21,40.818477,-73.947568
924,3947,E 138 St & Willow Ave,0,40.804168,-73.91154499999999
925,3948,E 138 St & Cypress Ave,-4,40.805559,-73.91471800000001
926,3949,Brook Ave & E 138 St,6,40.807408,-73.91924
927,3950,Brook Ave & E 141 St,-8,40.809619,-73.917875
928,3951,E 141 St & St Ann's Ave,8,40.808633,-73.916124
929,3952,E 141 St & Jackson Ave,4,40.806896,-73.911837
930,3954,Southern Blvd & E 142 St,1,40.807258000000004,-73.907999
931,3955,St Mary's St & Jackson Ave,12,40.808890999999996,-73.91081
932,3956,St. Ann's Ave & E 144 St,-4,40.811112,-73.914932
933,3957,E 144 St & Brook Ave,4,40.811675,-73.917037
934,3958,Willis Ave & E 143 St,8,40.812298999999996,-73.92036999999999
935,3959,Edgecombe Ave & W 145 St,12,40.823498,-73.94386
936,3960,Hamilton Pl & W 140 St,0,40.822756,-73.951346
937,3961,Morris Ave & E 153 St,29,40.820036,-73.92141099999999
938,3963,Melrose Ave & E 150 St,19,40.816827,-73.917338
939,3965,E 149 St & Eagle Ave,8,40.814046000000005,-73.91186
940,3966,Wales Ave & E 147 St,3,40.811314,-73.907729
941,3967,W 146 St & Broadway,6,40.826969,-73.949738
942,3968,Propsect Ave & E 151 St,11,40.814232000000004,-73.903927
943,3986,E 149 St & Morris Ave,5,40.81734,-73.922962
944,3987,E 149 St & Jackson Ave,18,40.813134999999996,-73.909235
945,3988,E 128 St & 3 Ave,2,40.805631,-73.934077
946,3989,Willis Ave & E 137 St,-9,40.808384000000004,-73.923604
947,3992,W 169 St & Fort Washington Ave,-723,40.8428422,-73.9421253
948,3993,W 59 St & West End Ave,185,40.771771,-73.990625
949,3994,2 Ave & E 125 St,-46,40.802554,-73.933509
950,3995,5 Ave & E 135 St,-32,40.812191,-73.937838
951,3996,Lexington Ave & E 128 St,-8,40.806414000000004,-73.93608499999999
952,3997,5 Av & W 139 St,5,40.815484000000005,-73.935856
953,3998,W 135 St & Lenox Terrace Pl,-45,40.813619,-73.939336
954,4000,Lenox Ave & W 144 St,11,40.819783,-73.936521
955,4002,W 144 St & Adam Clayton Powell Blvd,-2,40.820877,-73.939249
956,4004,Edgecombe Ave & W 141 St,10,40.820681,-73.945144
957,4005,St. Nicholas Terrace & Convent Ave,2,40.821294,-73.947868
958,4006,E 147 St & Bergen Ave,8,40.814673,-73.91839
959,4007,Riverside Dr & W 138 St,-20,40.823168,-73.955857
960,4009,Riverside Dr & W 145 St,-26,40.827304999999996,-73.951989
961,4010,W 145 St & Amsterdam Ave,11,40.825244,-73.947257
962,4011,Westchester Ave & Jackson Ave,5,40.816124,-73.908116
963,4012,W 148 St & Amsterdam Ave,3,40.827075,-73.945909
964,4016,Adam Clayton Powell Blvd & W 130 St,-3,40.812346000000005,-73.946168
965,4017,E 138 St & 5 Av,3,40.81449,-73.936153
966,4019,St. Ann's Av & Bruckner Blvd,1,40.803399,-73.919763
967,4020,Bradhurst Ave & W 148 St,19,40.825125,-73.941616
968,4021,E 138 St & Grand Concourse,-10,40.813224,-73.930605
969,4023,Adam Clayton Powell Blvd & W 141 St,3,40.819241,-73.941057
970,4036,Motorgate,16,40.7639089,-73.9477213
971,4037,Roosevelt Island Tramway,10,40.757284000000006,-73.9536
972,4038,Southpoint Park,-15,40.75370225419114,-73.95865201950072
